{
  "DC-8": {
    "aircraft_name": "DC-8-72 (NASA)",
    "CD0": 0.014060719919852874,
    "e": 0.9681124390152482,
    "k_adj": 0.6054537923300951,
    "f_oh": 0.26025295799930914,
    "rms_error": 0.005075995891481115,
    "L_D_max": 20.37908459542082,
    "converged": true
  },
  "GV": {
    "aircraft_name": "Gulfstream G-V",
    "CD0": 0.015021233775466637,
    "e": 0.7449418997097181,
    "k_adj": 0.8006478840933896,
    "f_oh": 0.13091933748694923,
    "rms_error": 0.011909458122367949,
    "L_D_max": 17.3067894062054,
    "converged": true
  },
  "737-900ER": {
    "aircraft_name": "Boeing 737-900ER",
    "CD0": 0.035457434170541736,
    "e": 1.2227950876849893,
    "k_adj": 0.7569968308748183,
    "f_oh": 0.0617868038871581,
    "rms_error": 0.007258373717538823,
    "L_D_max": 16.669039373275826,
    "converged": true
  },
  "767-200ER": {
    "aircraft_name": "Boeing 767-200ER",
    "CD0": 0.017719531079201267,
    "e": 0.7322594692802977,
    "k_adj": 0.9505977435955447,
    "f_oh": 0.029642740651450523,
    "rms_error": 2.074471906167192e-12,
    "L_D_max": 16.10084478217573,
    "converged": true
  },
  "A330-200": {
    "aircraft_name": "Airbus A330-200",
    "CD0": 0.033424686431020235,
    "e": 2.1648739476710563,
    "k_adj": 1.0211500519083834,
    "f_oh": 1.5472517645334827e-14,
    "rms_error": 0.030388608079644962,
    "L_D_max": 22.621769205498513,
    "converged": true
  },
  "777-200LR": {
    "aircraft_name": "Boeing 777-200LR",
    "CD0": 0.04101442277899467,
    "e": 1.8105605894606454,
    "k_adj": 0.5559498834538164,
    "f_oh": 0.08018353510973944,
    "rms_error": 0.06473257924544029,
    "L_D_max": 18.253445943105543,
    "converged": false
  },
  "P-8": {
    "aircraft_name": "Boeing P-8 Poseidon",
    "CD0": 0.05969929478877452,
    "e": 0.9745004814998639,
    "k_adj": 0.3390647960074404,
    "f_oh": 0.18049824462584835,
    "rms_error": 9.71023731424531e-13,
    "L_D_max": 11.468986713221708,
    "converged": true,
    "derived_from": "737-900ER"
  }
}